{"swagger":"2.0","info":{"title":"GetSignature","description":"","version":"1.0"},"host":"novasbe-webservices.azurewebsites.net","basePath":"/","schemes":["https"],"consumes":[],"produces":[],"paths":{"/api/v1/walmart/get-signature":{"post":{"responses":{"default":{"description":"default","schema":{}}},"summary":"GetSignature","description":"GetSignature","operationId":"GetSignature","parameters":[{"name":"body","in":"body","required":false,"schema":{"type":"object","properties":{"consumerId":{"type":"string","description":"consumerId"},"keyVersion":{"type":"string","description":"keyVersion"},"privateKey":{"type":"string","description":"privateKey"}}}}]}}},"definitions":{},"parameters":{},"responses":{},"securityDefinitions":{},"security":[],"tags":[]}