{"swagger":"2.0","info":{"title":"Walmart","description":"Walmart I/O hosts the Walmart APIs that allow developers to build with the world's largest retailer","version":"1.0"},"host":"developer.api.walmart.com","basePath":"/","schemes":["https"],"consumes":[],"produces":[],"paths":{"/api-proxy/service/affil/product/v2/search":{"get":{"responses":{"default":{"description":"default","schema":{}}},"summary":"Search","description":"Search","operationId":"Search","parameters":[{"name":"query","in":"query","required":false,"type":"string"},{"name":"WM_CONSUMER.ID","in":"header","required":true,"type":"string"},{"name":"WM_SEC.AUTH_SIGNATURE","in":"header","required":true,"type":"string"},{"name":"WM_CONSUMER.INTIMESTAMP","in":"header","required":true,"type":"string"},{"name":"WM_SEC.KEY_VERSION","in":"header","required":true,"type":"string"}]}}},"definitions":{},"parameters":{},"responses":{},"securityDefinitions":{},"security":[],"tags":[]}