{
  "properties": {
    "connectionReferences": {
      "shared_walmart-5f3cf65c344ed9d309-5f70c0460f7fcb187e": {
        "runtimeSource": "invoker",
        "connection": {
          "connectionReferenceLogicalName": "new_sharedwalmart5f3cf65c344ed9d3095f70c0460f7fcb187e_54e46"
        },
        "api": {
          "name": "shared_walmart-5f3cf65c344ed9d309-5f70c0460f7fcb187e",
          "logicalName": "new_walmart"
        }
      },
      "shared_getsignature-5f3cf65c344ed9d309-5f70c0460f7fcb187e": {
        "runtimeSource": "invoker",
        "connection": {
          "connectionReferenceLogicalName": "new_sharedgetsignature5f3cf65c344ed9d3095f70c0460f7fcb187e_ed231"
        },
        "api": {
          "name": "shared_getsignature-5f3cf65c344ed9d309-5f70c0460f7fcb187e",
          "logicalName": "new_getsignature"
        }
      }
    },
    "definition": {
      "$schema": "https://schema.management.azure.com/providers/Microsoft.Logic/schemas/2016-06-01/workflowdefinition.json#",
      "contentVersion": "1.0.0.0",
      "parameters": {
        "$connections": {
          "defaultValue": {},
          "type": "Object"
        },
        "$authentication": {
          "defaultValue": {},
          "type": "SecureObject"
        },
        "ConsumerID (new_ConsumerID)": {
          "type": "String",
          "metadata": {
            "schemaName": "new_ConsumerID"
          }
        },
        "PrivateKey (new_PrivateKey)": {
          "type": "String",
          "metadata": {
            "schemaName": "new_PrivateKey"
          }
        }
      },
      "triggers": {
        "manual": {
          "metadata": {
            "operationMetadataId": "10699734-929f-4720-bc85-409733fc8c5b"
          },
          "type": "Request",
          "kind": "PowerAppV2",
          "inputs": {
            "schema": {
              "type": "object",
              "properties": {
                "text": {
                  "title": "Item",
                  "type": "string",
                  "x-ms-dynamically-added": true,
                  "description": "Please enter your input",
                  "x-ms-content-hint": "TEXT"
                }
              },
              "required": [
                "text"
              ]
            }
          }
        }
      },
      "actions": {
        "Search": {
          "runAfter": {
            "GetSignature": [
              "Succeeded"
            ]
          },
          "metadata": {
            "operationMetadataId": "de40a49f-2615-4044-a51a-fe0c67700650"
          },
          "type": "OpenApiConnection",
          "inputs": {
            "host": {
              "connectionName": "shared_walmart-5f3cf65c344ed9d309-5f70c0460f7fcb187e",
              "operationId": "Search",
              "apiId": ""
            },
            "parameters": {
              "WM_CONSUMER.ID": "@parameters('ConsumerID (new_ConsumerID)')",
              "WM_SEC.AUTH_SIGNATURE": "@body('GetSignature')?['content']",
              "WM_CONSUMER.INTIMESTAMP": "@body('GetSignature')?['dateTime']",
              "WM_SEC.KEY_VERSION": "1",
              "query": "@triggerBody()['text']"
            },
            "authentication": "@parameters('$authentication')"
          }
        },
        "GetSignature": {
          "runAfter": {},
          "metadata": {
            "operationMetadataId": "32dca009-8f08-4a15-8a11-959353b98857"
          },
          "type": "OpenApiConnection",
          "inputs": {
            "host": {
              "connectionName": "shared_getsignature-5f3cf65c344ed9d309-5f70c0460f7fcb187e",
              "operationId": "GetSignature",
              "apiId": ""
            },
            "parameters": {
              "body/consumerId": "@parameters('ConsumerID (new_ConsumerID)')",
              "body/keyVersion": "1",
              "body/privateKey": "@parameters('PrivateKey (new_PrivateKey)')"
            },
            "authentication": "@parameters('$authentication')"
          }
        },
        "Response": {
          "runAfter": {
            "Search": [
              "Succeeded"
            ]
          },
          "metadata": {
            "operationMetadataId": "2e97407e-89f7-4723-800d-69e59eead425"
          },
          "type": "Response",
          "kind": "Http",
          "inputs": {
            "statusCode": 200,
            "body": "@body('Search')",
            "schema": {
              "type": "object",
              "properties": {
                "query": {
                  "type": "string"
                },
                "sort": {
                  "type": "string"
                },
                "responseGroup": {
                  "type": "string"
                },
                "totalResults": {
                  "type": "integer"
                },
                "start": {
                  "type": "integer"
                },
                "numItems": {
                  "type": "integer"
                },
                "items": {
                  "type": "array",
                  "items": {
                    "type": "object",
                    "properties": {
                      "itemId": {
                        "type": "integer"
                      },
                      "parentItemId": {
                        "type": "integer"
                      },
                      "name": {
                        "type": "string"
                      },
                      "msrp": {
                        "type": "number"
                      },
                      "salePrice": {
                        "type": "number"
                      },
                      "upc": {
                        "type": "string"
                      },
                      "categoryPath": {
                        "type": "string"
                      },
                      "shortDescription": {
                        "type": "string"
                      },
                      "longDescription": {
                        "type": "string"
                      },
                      "brandName": {
                        "type": "string"
                      },
                      "thumbnailImage": {
                        "type": "string"
                      },
                      "mediumImage": {
                        "type": "string"
                      },
                      "largeImage": {
                        "type": "string"
                      },
                      "productTrackingUrl": {
                        "type": "string"
                      },
                      "ninetySevenCentShipping": {
                        "type": "boolean"
                      },
                      "standardShipRate": {
                        "type": "number"
                      },
                      "size": {
                        "type": "string"
                      },
                      "marketplace": {
                        "type": "boolean"
                      },
                      "shipToStore": {
                        "type": "boolean"
                      },
                      "freeShipToStore": {
                        "type": "boolean"
                      },
                      "modelNumber": {
                        "type": "string"
                      },
                      "sellerInfo": {
                        "type": "string"
                      },
                      "customerRating": {
                        "type": "string"
                      },
                      "categoryNode": {
                        "type": "string"
                      },
                      "rhid": {
                        "type": "string"
                      },
                      "bundle": {
                        "type": "boolean"
                      },
                      "clearance": {
                        "type": "boolean"
                      },
                      "preOrder": {
                        "type": "boolean"
                      },
                      "stock": {
                        "type": "string"
                      },
                      "freight": {
                        "type": "boolean"
                      },
                      "affiliateAddToCartUrl": {
                        "type": "string"
                      },
                      "freeShippingOver35Dollars": {
                        "type": "boolean"
                      },
                      "maxItemsInOrder": {
                        "type": "integer"
                      },
                      "giftOptions": {
                        "type": "object",
                        "properties": {}
                      },
                      "imageEntities": {
                        "type": "array",
                        "items": {
                          "type": "object",
                          "properties": {
                            "thumbnailImage": {
                              "type": "string"
                            },
                            "mediumImage": {
                              "type": "string"
                            },
                            "largeImage": {
                              "type": "string"
                            },
                            "entityType": {
                              "type": "string"
                            }
                          },
                          "required": [
                            "thumbnailImage",
                            "mediumImage",
                            "largeImage",
                            "entityType"
                          ]
                        }
                      },
                      "offerType": {
                        "type": "string"
                      },
                      "isTwoDayShippingEligible": {
                        "type": "boolean"
                      },
                      "availableOnline": {
                        "type": "boolean"
                      },
                      "offerId": {
                        "type": "string"
                      },
                      "warnings": {
                        "type": "array",
                        "items": {
                          "type": "object",
                          "properties": {
                            "Attribute": {
                              "type": "string"
                            },
                            "DisplayName": {
                              "type": "string"
                            },
                            "Value": {
                              "type": "array",
                              "items": {
                                "type": "string"
                              }
                            }
                          },
                          "required": [
                            "Attribute",
                            "DisplayName",
                            "Value"
                          ]
                        }
                      },
                      "gender": {
                        "type": "string"
                      }
                    },
                    "required": [
                      "itemId",
                      "name",
                      "salePrice",
                      "upc",
                      "categoryPath",
                      "shortDescription",
                      "longDescription",
                      "brandName",
                      "thumbnailImage",
                      "mediumImage",
                      "largeImage",
                      "productTrackingUrl",
                      "ninetySevenCentShipping",
                      "size",
                      "marketplace",
                      "shipToStore",
                      "freeShipToStore",
                      "modelNumber",
                      "sellerInfo",
                      "customerRating",
                      "categoryNode",
                      "rhid",
                      "bundle",
                      "clearance",
                      "preOrder",
                      "stock",
                      "freight",
                      "affiliateAddToCartUrl",
                      "freeShippingOver35Dollars",
                      "maxItemsInOrder",
                      "giftOptions",
                      "imageEntities",
                      "offerType",
                      "isTwoDayShippingEligible",
                      "availableOnline",
                      "offerId",
                      "warnings"
                    ]
                  }
                }
              }
            }
          }
        }
      }
    },
    "templateName": ""
  },
  "schemaVersion": "1.0.0.0"
}