<ImportExportXml version="9.2.23082.190" SolutionPackageVersion="9.2" languagecode="1033" generatedBy="CrmLive" xmlns:xsi="http://www.w3.org/2001/XMLSchema-instance">
  <SolutionManifest>
    <UniqueName>ZeroWastePP_Hackathon</UniqueName>
    <LocalizedNames>
      <LocalizedName description="ZeroWaste PP_Hackathon" languagecode="1033" />
    </LocalizedNames>
    <Descriptions />
    <Version>1.0.0.2</Version>
    <Managed>1</Managed>
    <Publisher>
      <UniqueName>DefaultPublisherorgd5b28773</UniqueName>
      <LocalizedNames>
        <LocalizedName description="Default Publisher for orgd5b28773" languagecode="1033" />
      </LocalizedNames>
      <Descriptions>
        <Description description="Default publisher for this organization" languagecode="1033" />
      </Descriptions>
      <EMailAddress xsi:nil="true"></EMailAddress>
      <SupportingWebsiteUrl xsi:nil="true"></SupportingWebsiteUrl>
      <CustomizationPrefix>new</CustomizationPrefix>
      <CustomizationOptionValuePrefix>10000</CustomizationOptionValuePrefix>
      <Addresses>
        <Address>
          <AddressNumber>1</AddressNumber>
          <AddressTypeCode xsi:nil="true"></AddressTypeCode>
          <City xsi:nil="true"></City>
          <County xsi:nil="true"></County>
          <Country xsi:nil="true"></Country>
          <Fax xsi:nil="true"></Fax>
          <FreightTermsCode xsi:nil="true"></FreightTermsCode>
          <ImportSequenceNumber xsi:nil="true"></ImportSequenceNumber>
          <Latitude xsi:nil="true"></Latitude>
          <Line1 xsi:nil="true"></Line1>
          <Line2 xsi:nil="true"></Line2>
          <Line3 xsi:nil="true"></Line3>
          <Longitude xsi:nil="true"></Longitude>
          <Name xsi:nil="true"></Name>
          <PostalCode xsi:nil="true"></PostalCode>
          <PostOfficeBox xsi:nil="true"></PostOfficeBox>
          <PrimaryContactName xsi:nil="true"></PrimaryContactName>
          <ShippingMethodCode xsi:nil="true"></ShippingMethodCode>
          <StateOrProvince xsi:nil="true"></StateOrProvince>
          <Telephone1 xsi:nil="true"></Telephone1>
          <Telephone2 xsi:nil="true"></Telephone2>
          <Telephone3 xsi:nil="true"></Telephone3>
          <TimeZoneRuleVersionNumber xsi:nil="true"></TimeZoneRuleVersionNumber>
          <UPSZone xsi:nil="true"></UPSZone>
          <UTCOffset xsi:nil="true"></UTCOffset>
          <UTCConversionTimeZoneCode xsi:nil="true"></UTCConversionTimeZoneCode>
        </Address>
        <Address>
          <AddressNumber>2</AddressNumber>
          <AddressTypeCode xsi:nil="true"></AddressTypeCode>
          <City xsi:nil="true"></City>
          <County xsi:nil="true"></County>
          <Country xsi:nil="true"></Country>
          <Fax xsi:nil="true"></Fax>
          <FreightTermsCode xsi:nil="true"></FreightTermsCode>
          <ImportSequenceNumber xsi:nil="true"></ImportSequenceNumber>
          <Latitude xsi:nil="true"></Latitude>
          <Line1 xsi:nil="true"></Line1>
          <Line2 xsi:nil="true"></Line2>
          <Line3 xsi:nil="true"></Line3>
          <Longitude xsi:nil="true"></Longitude>
          <Name xsi:nil="true"></Name>
          <PostalCode xsi:nil="true"></PostalCode>
          <PostOfficeBox xsi:nil="true"></PostOfficeBox>
          <PrimaryContactName xsi:nil="true"></PrimaryContactName>
          <ShippingMethodCode xsi:nil="true"></ShippingMethodCode>
          <StateOrProvince xsi:nil="true"></StateOrProvince>
          <Telephone1 xsi:nil="true"></Telephone1>
          <Telephone2 xsi:nil="true"></Telephone2>
          <Telephone3 xsi:nil="true"></Telephone3>
          <TimeZoneRuleVersionNumber xsi:nil="true"></TimeZoneRuleVersionNumber>
          <UPSZone xsi:nil="true"></UPSZone>
          <UTCOffset xsi:nil="true"></UTCOffset>
          <UTCConversionTimeZoneCode xsi:nil="true"></UTCConversionTimeZoneCode>
        </Address>
      </Addresses>
    </Publisher>
    <RootComponents>
      <RootComponent type="1" schemaName="crd69_productsdemo" behavior="0" />
      <RootComponent type="29" id="{606b5d21-dc5d-ee11-be6f-000d3a3798b0}" behavior="0" />
      <RootComponent type="300" schemaName="new_zerowaste_39ef4" behavior="0" />
      <RootComponent type="372" id="{74a77c74-4f08-4610-a707-6968e65ec719}" schemaName="new_getsignature" behavior="0" />
      <RootComponent type="372" id="{2eab45c8-c009-4914-8c20-f66c73d1eee1}" schemaName="new_walmart" behavior="0" />
      <RootComponent type="401" id="{7c39a4f1-e944-4bd8-bd34-462b8dc6b7d3}" behavior="0" />
    </RootComponents>
    <MissingDependencies>
      <MissingDependency>
        <Required type="1" schemaName="msdyn_aiconfiguration" displayName="AI Configuration" solution="msdyn_AISolution (202308.3.15.1)">
          <package>msdyn_AISolutionAnchor (202308.3.15.1)</package>
        </Required>
        <Dependent type="300" schemaName="new_zerowaste_39ef4" displayName="ZeroWaste" />
      </MissingDependency>
      <MissingDependency>
        <Required type="1" schemaName="msdyn_aimodel" displayName="AI Model" solution="msdyn_AISolution (202308.3.15.1)">
          <package>msdyn_AISolutionAnchor (202308.3.15.1)</package>
        </Required>
        <Dependent type="300" schemaName="new_zerowaste_39ef4" displayName="ZeroWaste" />
      </MissingDependency>
      <MissingDependency>
        <Required type="1" schemaName="msdyn_aiodlabel" displayName="AI Object Detection Label" solution="msdyn_AISolutionDeprecatedTemplates (202308.3.15.1)">
          <package>msdyn_AISolutionAnchor (202308.3.15.1)</package>
        </Required>
        <Dependent type="300" schemaName="new_zerowaste_39ef4" displayName="ZeroWaste" />
      </MissingDependency>
    </MissingDependencies>
  </SolutionManifest>
</ImportExportXml>