<ImportExportXml xmlns:xsi="http://www.w3.org/2001/XMLSchema-instance">
  <Entities></Entities>
  <Roles></Roles>
  <Workflows></Workflows>
  <FieldSecurityProfiles></FieldSecurityProfiles>
  <Templates />
  <EntityMaps />
  <EntityRelationships />
  <OrganizationSettings />
  <optionsets />
  <CustomControls />
  <EntityDataProviders />
  <Connectors>
    <Connector>
      <connectorid>74a77c74-4f08-4610-a707-6968e65ec719</connectorid>
      <description></description>
      <displayname>GetSignature</displayname>
      <iconbrandcolor>#007ee5</iconbrandcolor>
      <name>new_getsignature</name>
      <connectortype>1</connectortype>
      <openapidefinition>/Connector/new_getsignature_openapidefinition.json</openapidefinition>
      <connectionparameters>/Connector/new_getsignature_connectionparameters.json</connectionparameters>
      <policytemplateinstances>/Connector/new_getsignature_policytemplateinstances.json</policytemplateinstances>
      <iconblob>/Connector/new_getsignature_iconblob.Png</iconblob>
    </Connector>
    <Connector>
      <connectorid>2eab45c8-c009-4914-8c20-f66c73d1eee1</connectorid>
      <description>Walmart I/O hosts the Walmart APIs that allow developers to build with the world's largest retailer</description>
      <displayname>Walmart</displayname>
      <iconbrandcolor>#007ee5</iconbrandcolor>
      <name>new_walmart</name>
      <connectortype>1</connectortype>
      <openapidefinition>/Connector/new_walmart_openapidefinition.json</openapidefinition>
      <connectionparameters>/Connector/new_walmart_connectionparameters.json</connectionparameters>
      <policytemplateinstances>/Connector/new_walmart_policytemplateinstances.json</policytemplateinstances>
      <iconblob>/Connector/new_walmart_iconblob.Png</iconblob>
    </Connector>
  </Connectors>
  <Languages>
    <Language>1033</Language>
  </Languages>
</ImportExportXml>